,batch_losses
0,0.6866695880889893
1,1.5309574604034424
2,2.946272850036621
3,0.8476346135139465
4,0.6936864852905273
5,0.666465163230896
6,0.647845983505249
7,0.6385966539382935
8,0.7517935037612915
9,0.7087181210517883
10,0.713789701461792
11,0.686840832233429
12,0.6662297248840332
13,0.6067609786987305
14,0.6227385997772217
15,0.6290220022201538
16,0.5120093822479248
17,0.5483251810073853
18,0.550412654876709
19,0.5211150050163269
20,0.5446780323982239
21,0.54224693775177
22,0.5618122816085815
23,0.5636220574378967
24,0.5616146922111511
25,0.5467751026153564
26,0.5021016597747803
27,0.5101295709609985
28,0.5334277749061584
29,0.4943397641181946
30,0.5741916298866272
31,0.4856099486351013
32,0.5199084281921387
33,0.5436850786209106
34,0.5199718475341797
35,0.4758589267730713
36,0.47236719727516174
37,0.5282629132270813
38,0.5230486392974854
39,0.5284296274185181
40,0.5395647287368774
41,0.5064582228660583
42,0.5103132128715515
43,0.5088684558868408
44,0.5221568942070007
45,0.517539381980896
46,0.5086359977722168
47,0.44824573397636414
48,0.5315271615982056
49,0.5520849823951721
50,0.5215674042701721
51,0.4973398745059967
52,0.5572335720062256
53,0.5280706286430359
54,0.5601291656494141
55,0.5398128032684326
56,0.5250350832939148
57,0.5258046388626099
58,0.5962821245193481
59,0.5341138243675232
60,0.5004901885986328
61,0.4834098815917969
62,0.5320708751678467
63,0.5403097867965698
64,0.5443372130393982
65,0.5032521486282349
66,0.5727455615997314
67,0.5277137160301208
68,0.5122148990631104
69,0.5478520393371582
70,0.49788808822631836
71,0.45341813564300537
72,0.5284924507141113
73,0.5461326241493225
74,0.5215207934379578
75,0.5181896090507507
76,0.5504636764526367
77,0.5135315656661987
78,0.5800193548202515
79,0.5325652956962585
80,0.4593207836151123
81,0.5197672247886658
82,0.5254323482513428
83,0.46644604206085205
84,0.537437379360199
85,0.4876607060432434
86,0.5325020551681519
87,0.4946052134037018
88,0.5352059602737427
89,0.5542217493057251
90,0.5077098608016968
91,0.5177923440933228
92,0.5183655619621277
93,0.5135400295257568
94,0.4909111559391022
95,0.47974610328674316
96,0.5321587920188904
97,0.5007126331329346
98,0.5422627925872803
99,0.5405210852622986
100,0.49320900440216064
101,0.5157178640365601
102,0.4947119951248169
103,0.5076938271522522
104,0.5550147294998169
105,0.5354543924331665
106,0.49665749073028564
107,0.5110132694244385
108,0.4984232187271118
109,0.5275781750679016
110,0.520053505897522
111,0.5238531231880188
112,0.5527651309967041
113,0.4911078214645386
114,0.5386197566986084
115,0.5397487878799438
116,0.5259376764297485
117,0.5210444331169128
118,0.529403805732727
119,0.5180982351303101
120,0.524662971496582
121,0.4653717577457428
122,0.5421677231788635
123,0.5229207277297974
124,0.513416051864624
125,0.508537232875824
126,0.49109458923339844
127,0.49746260046958923
128,0.5013751983642578
129,0.5676244497299194
130,0.5335962772369385
131,0.5068591833114624
132,0.49311086535453796
133,0.47914260625839233
134,0.505450963973999
135,0.4874539375305176
136,0.4942186772823334
137,0.4886186122894287
138,0.4994458556175232
139,0.5470967888832092
140,0.49334514141082764
141,0.48910990357398987
142,0.43233203887939453
143,0.49059826135635376
144,0.47871536016464233
145,0.5129474401473999
146,0.5322409272193909
147,0.5066012144088745
148,0.5248469114303589
149,0.5163750648498535
150,0.5046221017837524
151,0.5256779193878174
152,0.47885212302207947
153,0.5344988107681274
154,0.525293231010437
155,0.5159744024276733
156,0.5057157278060913
157,0.5000675320625305
158,0.49477440118789673
159,0.49412772059440613
160,0.5265148878097534
161,0.5126515626907349
162,0.48024678230285645
163,0.5605663061141968
164,0.5443087816238403
165,0.4710158705711365
166,0.5304385423660278
167,0.5086478590965271
168,0.4618339538574219
169,0.5333086252212524
170,0.5195607542991638
171,0.5020015835762024
172,0.5076061487197876
173,0.5105115175247192
174,0.47229012846946716
175,0.4785558581352234
176,0.5223042964935303
177,0.523737907409668
178,0.5273795127868652
179,0.5051815509796143
180,0.5291658639907837
181,0.5172960758209229
182,0.4435900151729584
183,0.5254955887794495
184,0.5228683948516846
185,0.4921942949295044
186,0.49868807196617126
187,0.5156219601631165
188,0.517493486404419
189,0.5293503999710083
190,0.42856746912002563
191,0.5045987367630005
192,0.5558207035064697
193,0.49244681000709534
194,0.49846264719963074
195,0.5454542636871338
196,0.4895734488964081
197,0.513055145740509
198,0.5366997718811035
199,0.515034019947052
200,0.536736011505127
201,0.5143064856529236
202,0.5252571105957031
203,0.4815599322319031
204,0.5285876989364624
205,0.5329910516738892
206,0.48428356647491455
207,0.5108115673065186
208,0.48009711503982544
209,0.518156886100769
210,0.5499482154846191
211,0.5059641599655151
212,0.48878052830696106
213,0.4751361608505249
214,0.49799811840057373
215,0.5094380378723145
216,0.5085833668708801
217,0.5283471941947937
218,0.5255264639854431
219,0.5159696340560913
220,0.4995344281196594
221,0.4582451283931732
222,0.4982346296310425
223,0.5136876702308655
224,0.5075598955154419
225,0.48446956276893616
226,0.4883278012275696
227,0.49345147609710693
228,0.5263943672180176
229,0.5456375479698181
230,0.5483373403549194
231,0.5087277293205261
232,0.49295228719711304
233,0.5108001232147217
234,0.4993077516555786
235,0.5430964827537537
236,0.5367536544799805
237,0.5063304305076599
238,0.47528359293937683
239,0.48281329870224
240,0.4837028980255127
241,0.5204023122787476
242,0.5215728282928467
243,0.5034759044647217
244,0.5374122858047485
245,0.51904296875
246,0.5013916492462158
247,0.4750872254371643
248,0.5011551976203918
249,0.5176397562026978
250,0.5078983902931213
251,0.4945855736732483
252,0.4953582286834717
253,0.49931594729423523
254,0.5081841349601746
255,0.441203236579895
256,0.47819823026657104
257,0.5165087580680847
258,0.4733147621154785
259,0.5759069323539734
260,0.4917549192905426
261,0.5211048126220703
262,0.5000885725021362
263,0.5452264547348022
264,0.5274766683578491
265,0.49701839685440063
266,0.5023906230926514
267,0.49082642793655396
268,0.5125628113746643
269,0.5002850294113159
270,0.4806309640407562
271,0.48509347438812256
272,0.5030940175056458
273,0.5018092393875122
274,0.49694621562957764
275,0.5222115516662598
276,0.48800772428512573
277,0.4699627161026001
278,0.5380802154541016
279,0.5124611854553223
280,0.46920841932296753
281,0.45494621992111206
282,0.47895532846450806
283,0.5100102424621582
284,0.5236438512802124
285,0.501014769077301
286,0.48021548986434937
287,0.5268481373786926
288,0.5007154941558838
289,0.49209702014923096
290,0.4538070857524872
291,0.44420236349105835
292,0.5355751514434814
293,0.4886152744293213
294,0.529426097869873
295,0.4770668148994446
296,0.5395022034645081
297,0.49131128191947937
298,0.48027193546295166
299,0.4975515604019165
300,0.4536537230014801
301,0.46054792404174805
302,0.5275790095329285
303,0.5114051699638367
304,0.5325164794921875
305,0.5052043199539185
306,0.49119484424591064
307,0.5056307315826416
308,0.5229514837265015
309,0.5159843564033508
310,0.5293221473693848
311,0.5562629699707031
312,0.5088632702827454
313,0.5126121044158936
314,0.47077298164367676
315,0.5199437737464905
316,0.5374212265014648
317,0.5102561712265015
318,0.584173321723938
319,0.5146358013153076
320,0.4726598858833313
321,0.5264406800270081
322,0.5130834579467773
323,0.5219168066978455
324,0.4830152988433838
325,0.5083857774734497
326,0.4812815189361572
327,0.5194976329803467
328,0.5002260208129883
329,0.4853003919124603
330,0.509736180305481
331,0.48523080348968506
332,0.5185301303863525
333,0.5484387278556824
334,0.45149683952331543
335,0.4815398156642914
336,0.50291508436203
337,0.46387869119644165
338,0.5488766431808472
339,0.522016167640686
340,0.48821544647216797
341,0.5072510242462158
342,0.4856163263320923
343,0.46510082483291626
344,0.48295873403549194
345,0.48306721448898315
346,0.523708164691925
347,0.5120505094528198
348,0.5023796558380127
349,0.5070483684539795
350,0.5117740631103516
351,0.5172694325447083
352,0.4912939667701721
353,0.5351604223251343
354,0.5164072513580322
355,0.5127116441726685
356,0.49369966983795166
357,0.5193704962730408
358,0.5243223905563354
359,0.5080384016036987
360,0.49743348360061646
361,0.5024754405021667
362,0.5469330549240112
363,0.5134787559509277
364,0.5587083697319031
365,0.46559178829193115
366,0.4641980528831482
367,0.4638412296772003
368,0.5042035579681396
369,0.4713708162307739
370,0.5080580115318298
371,0.5026098489761353
372,0.48214057087898254
373,0.47281646728515625
374,0.49812716245651245
375,0.523788332939148
376,0.46254798769950867
377,0.5293264389038086
378,0.5120654106140137
379,0.5365911722183228
380,0.5136498808860779
381,0.4996015429496765
382,0.45353832840919495
383,0.5302953720092773
384,0.51360684633255
385,0.4580557346343994
386,0.5051639080047607
387,0.500104546546936
388,0.4756099581718445
389,0.4839004576206207
390,0.4871792197227478
391,0.505423903465271
392,0.46876060962677
393,0.5004823803901672
394,0.4852827191352844
395,0.4661596417427063
396,0.5140668749809265
397,0.48132604360580444
398,0.5041593313217163
399,0.5746671557426453
400,0.5099825263023376
401,0.4953162670135498
402,0.5126308798789978
403,0.48271822929382324
404,0.4936911165714264
405,0.5006930232048035
406,0.5138733386993408
407,0.501387894153595
408,0.4785271883010864
409,0.5117737054824829
410,0.5344219207763672
411,0.49215635657310486
412,0.5074132680892944
413,0.5236856937408447
414,0.4879167079925537
415,0.46096572279930115
416,0.4917101562023163
417,0.431645005941391
418,0.47932541370391846
419,0.49032720923423767
420,0.4883096218109131
421,0.448284775018692
422,0.5409953594207764
423,0.5027951002120972
424,0.48961496353149414
425,0.4832552671432495
426,0.4445154666900635
427,0.5150327682495117
428,0.5076777935028076
429,0.5452543497085571
430,0.45675793290138245
431,0.5107002854347229
432,0.5052659511566162
433,0.5523627996444702
434,0.4962844252586365
435,0.5396412014961243
436,0.510035514831543
437,0.49644702672958374
438,0.5199514627456665
439,0.48410722613334656
440,0.5159860849380493
441,0.4679650366306305
442,0.5216237306594849
443,0.513727605342865
444,0.44544386863708496
445,0.5154784917831421
446,0.5084102153778076
447,0.4771687090396881
448,0.5166555643081665
449,0.4889853596687317
450,0.46519166231155396
451,0.468872606754303
452,0.46184325218200684
453,0.49026381969451904
454,0.5034134984016418
455,0.5147014260292053
456,0.41528570652008057
457,0.5387616157531738
458,0.5097150206565857
459,0.5584548711776733
460,0.5145291090011597
461,0.5327935218811035
462,0.5079373717308044
463,0.46053794026374817
464,0.49994999170303345
465,0.47792261838912964
466,0.545533299446106
467,0.5219111442565918
468,0.49542510509490967
469,0.5428152084350586
470,0.4920898377895355
471,0.43463826179504395
472,0.4482511878013611
473,0.48968225717544556
474,0.5088027119636536
475,0.4559362530708313
476,0.532706081867218
477,0.5289213061332703
478,0.4864751696586609
479,0.49292391538619995
480,0.49256134033203125
481,0.5096147656440735
482,0.4945552349090576
483,0.509448766708374
484,0.5120812058448792
485,0.45709168910980225
486,0.519900381565094
487,0.506210446357727
488,0.4990050196647644
489,0.4800912141799927
490,0.47404295206069946
491,0.5296995639801025
492,0.4639195203781128
493,0.4865477681159973
494,0.512334942817688
495,0.4955538511276245
496,0.47029775381088257
497,0.4434016942977905
498,0.5010583996772766
499,0.5015466213226318
500,0.4941163659095764
501,0.49791330099105835
502,0.5362991094589233
503,0.4566231667995453
504,0.4890090227127075
505,0.4915645122528076
506,0.5363906621932983
507,0.5007535815238953
508,0.5069698691368103
509,0.49850475788116455
510,0.46403607726097107
511,0.5119648575782776
512,0.4631062150001526
513,0.5259482860565186
514,0.4922848045825958
515,0.45416688919067383
516,0.5507640838623047
517,0.49681174755096436
518,0.49636730551719666
519,0.5201923847198486
520,0.5055834650993347
521,0.48001039028167725
522,0.5407975316047668
523,0.4986022710800171
524,0.48980990052223206
525,0.49560004472732544
526,0.5371281504631042
527,0.5310020446777344
528,0.517109751701355
529,0.46036869287490845
530,0.48082926869392395
531,0.520337700843811
532,0.45619070529937744
533,0.5593765377998352
534,0.4862707853317261
535,0.4861651062965393
536,0.5018870830535889
537,0.5002513527870178
538,0.41105082631111145
539,0.5131864547729492
540,0.5037571787834167
541,0.4790133237838745
542,0.4820737838745117
543,0.4724433720111847
544,0.5052542686462402
545,0.5319905281066895
546,0.4566226303577423
547,0.5130380392074585
548,0.4877329468727112
549,0.5025936365127563
550,0.4809858500957489
551,0.4426216781139374
552,0.5039845108985901
553,0.5314908623695374
554,0.5091181397438049
555,0.46725571155548096
556,0.543300449848175
557,0.48167556524276733
558,0.47097158432006836
559,0.48965713381767273
560,0.4830709993839264
561,0.49780797958374023
562,0.45732924342155457
563,0.49669238924980164
564,0.5103355646133423
565,0.4346354603767395
566,0.4909250736236572
567,0.49981799721717834
568,0.4995572865009308
569,0.5061838626861572
570,0.48288822174072266
571,0.4861496090888977
572,0.47367721796035767
573,0.4983270764350891
574,0.47551900148391724
575,0.4737294316291809
576,0.4397832155227661
577,0.5079694986343384
578,0.4993911683559418
579,0.5012851357460022
580,0.4947846531867981
581,0.519295334815979
582,0.4875788688659668
583,0.5032800436019897
584,0.518608033657074
585,0.4477224349975586
586,0.5058607459068298
587,0.5123292207717896
588,0.5129254460334778
589,0.47811657190322876
590,0.4304868280887604
591,0.517055094242096
592,0.4860197901725769
593,0.5042198300361633
594,0.4723455607891083
595,0.4891294240951538
596,0.46059945225715637
597,0.48038774728775024
598,0.4853661358356476
599,0.5056730508804321
600,0.5059716105461121
601,0.5059794187545776
602,0.5479738712310791
603,0.5038520693778992
604,0.46469801664352417
605,0.46649378538131714
606,0.47967395186424255
607,0.4897407293319702
608,0.4969141483306885
609,0.5310045480728149
610,0.45926332473754883
611,0.5074368715286255
612,0.46898481249809265
613,0.4810444712638855
614,0.48691925406455994
615,0.4448733627796173
616,0.4638417959213257
617,0.4925951361656189
618,0.43827885389328003
619,0.5053577423095703
620,0.501177191734314
621,0.45686665177345276
622,0.445505827665329
623,0.47018635272979736
624,0.44986143708229065
625,0.46944838762283325
626,0.5250257253646851
627,0.48635435104370117
628,0.4852442741394043
629,0.4594342112541199
630,0.4421805441379547
631,0.47186601161956787
632,0.46329283714294434
633,0.4979209899902344
634,0.4848083555698395
635,0.5025627613067627
636,0.46225082874298096
637,0.4240460693836212
638,0.526081383228302
639,0.4960035979747772
640,0.5070904493331909
641,0.47359615564346313
642,0.45581120252609253
643,0.4846721589565277
644,0.46133607625961304
645,0.452156662940979
646,0.48991185426712036
647,0.4866299033164978
648,0.46779489517211914
649,0.46361860632896423
650,0.4611492455005646
651,0.4304431080818176
652,0.4781072437763214
653,0.4827023446559906
654,0.4898846745491028
655,0.46944916248321533
656,0.4898441433906555
657,0.47749608755111694
658,0.4879477620124817
659,0.4921175241470337
660,0.47466981410980225
661,0.4826352596282959
662,0.49310579895973206
663,0.4644019901752472
664,0.5736685395240784
665,0.474168062210083
666,0.47678595781326294
667,0.4793729782104492
668,0.49630090594291687
669,0.4698547124862671
670,0.4261239469051361
671,0.4595617353916168
672,0.5250919461250305
673,0.4831022620201111
674,0.44128501415252686
675,0.46238788962364197
676,0.5328620672225952
677,0.497327983379364
678,0.4822504222393036
679,0.4968673884868622
680,0.4675399959087372
681,0.4805120825767517
682,0.4744780659675598
683,0.4594738483428955
684,0.5102188587188721
685,0.4774004817008972
686,0.47001025080680847
687,0.47328028082847595
688,0.526043176651001
689,0.4399222731590271
690,0.44409602880477905
691,0.4712967574596405
692,0.47872835397720337
693,0.469871461391449
694,0.4810941219329834
695,0.4616614580154419
696,0.48176518082618713
697,0.4673142433166504
698,0.5528192520141602
699,0.4921017289161682
700,0.4550037384033203
701,0.45356935262680054
702,0.5131828784942627
703,0.5148563385009766
704,0.5007337331771851
705,0.49832940101623535
706,0.46936866641044617
707,0.5240414142608643
708,0.517636775970459
709,0.5031876564025879
710,0.4913073182106018
711,0.44278305768966675
712,0.43055230379104614
713,0.4826987683773041
714,0.5217491388320923
715,0.43463295698165894
716,0.49843162298202515
717,0.4685412049293518
718,0.4845437705516815
719,0.4947538375854492
720,0.45791327953338623
721,0.469171941280365
722,0.4951537847518921
723,0.42728444933891296
724,0.47107839584350586
725,0.4711697995662689
726,0.47758740186691284
727,0.48377496004104614
728,0.5079593658447266
729,0.46918410062789917
730,0.4894897937774658
731,0.4952077865600586
732,0.5132637619972229
733,0.4384719431400299
734,0.4933992028236389
735,0.46384909749031067
736,0.5019084811210632
737,0.4978402554988861
738,0.4476999044418335
739,0.5005393624305725
740,0.47568055987358093
741,0.48105335235595703
742,0.4335864782333374
743,0.491931289434433
744,0.4870036840438843
745,0.47148212790489197
746,0.4973676800727844
747,0.44163548946380615
748,0.4355009198188782
749,0.49444714188575745
750,0.42877671122550964
751,0.4804326891899109
752,0.4484894871711731
753,0.49738484621047974
754,0.4854755401611328
755,0.4890775680541992
756,0.4827040433883667
757,0.40509873628616333
758,0.48501768708229065
759,0.5280337333679199
760,0.4384216368198395
761,0.5122936964035034
762,0.49340349435806274
763,0.5119466185569763
764,0.5193688273429871
765,0.49382275342941284
766,0.4812189042568207
767,0.48908546566963196
768,0.5162773728370667
769,0.49056822061538696
770,0.48546290397644043
771,0.44996723532676697
772,0.509590744972229
773,0.4963332712650299
774,0.5122075080871582
775,0.5294944047927856
776,0.4462534785270691
777,0.47376900911331177
778,0.44074422121047974
779,0.49567192792892456
780,0.4645662307739258
781,0.4616323709487915
782,0.48065391182899475
783,0.488098680973053
784,0.4764833450317383
785,0.4853668510913849
786,0.46850883960723877
787,0.5316796898841858
788,0.5154198408126831
789,0.470039427280426
790,0.4806392788887024
791,0.48428869247436523
792,0.4331015944480896
793,0.46722614765167236
794,0.48487648367881775
795,0.5405458807945251
796,0.4946267604827881
797,0.5215467214584351
798,0.4817257821559906
799,0.4935591220855713
800,0.4957854747772217
801,0.455650269985199
802,0.5032102465629578
803,0.4673355221748352
804,0.4639136791229248
805,0.4728854298591614
806,0.4675297141075134
807,0.471981018781662
808,0.48112383484840393
809,0.462795227766037
810,0.4372086524963379
811,0.4698525667190552
812,0.4703861474990845
813,0.4701695740222931
814,0.4462050497531891
815,0.4722355902194977
816,0.49177026748657227
817,0.4307315945625305
818,0.44091618061065674
819,0.46378642320632935
820,0.45846694707870483
821,0.49262720346450806
822,0.4573290944099426
823,0.5143442153930664
824,0.4876973330974579
825,0.4954758882522583
826,0.44776850938796997
827,0.45578593015670776
828,0.46517103910446167
829,0.501806914806366
830,0.4849132299423218
831,0.4853907823562622
832,0.46119847893714905
833,0.4790129065513611
834,0.44845232367515564
835,0.45075660943984985
836,0.4727371335029602
837,0.45825648307800293
838,0.4687820374965668
839,0.4716840982437134
840,0.4425715208053589
841,0.4945950508117676
842,0.41339540481567383
843,0.4345356822013855
844,0.41495463252067566
845,0.4898977279663086
846,0.48202595114707947
847,0.45342814922332764
848,0.5156228542327881
849,0.49053770303726196
850,0.4688676595687866
851,0.46829742193222046
852,0.4489610195159912
853,0.4860330820083618
854,0.4394630193710327
855,0.4547850489616394
856,0.4646030068397522
857,0.49386540055274963
858,0.481780469417572
859,0.43495482206344604
860,0.481617271900177
861,0.49042177200317383
862,0.47898852825164795
863,0.43774649500846863
864,0.48567554354667664
865,0.4924405515193939
866,0.4593082368373871
867,0.46730226278305054
868,0.4746878743171692
869,0.5161173343658447
870,0.4115690588951111
871,0.48767945170402527
872,0.5070680975914001
873,0.4323962330818176
874,0.49781325459480286
875,0.5088009834289551
876,0.48113325238227844
877,0.4575966000556946
878,0.4532063603401184
879,0.4125608801841736
880,0.4659082293510437
881,0.47448158264160156
882,0.4766225516796112
883,0.4448603689670563
884,0.478691428899765
885,0.5242034196853638
886,0.4414128363132477
887,0.44679316878318787
888,0.4728510081768036
889,0.5039629936218262
890,0.47384047508239746
891,0.42529022693634033
892,0.41523706912994385
893,0.45656514167785645
894,0.5186867117881775
895,0.48000842332839966
896,0.4693326950073242
897,0.5210767388343811
898,0.46651211380958557
899,0.5107981562614441
900,0.48960769176483154
901,0.4662991166114807
902,0.49726438522338867
903,0.481120228767395
904,0.43530458211898804
905,0.482198029756546
906,0.5026768445968628
907,0.4756113588809967
908,0.4555198550224304
909,0.523442268371582
910,0.43776118755340576
911,0.42102381587028503
912,0.4367544651031494
913,0.44737499952316284
914,0.4950529932975769
915,0.440521776676178
916,0.4354151487350464
917,0.460479199886322
918,0.47557300329208374
919,0.5430975556373596
920,0.4328516721725464
921,0.45419588685035706
922,0.471281498670578
923,0.47520890831947327
924,0.4776577055454254
925,0.4173606038093567
926,0.4251646399497986
927,0.4825141429901123
928,0.42432552576065063
929,0.49023956060409546
930,0.4649921655654907
931,0.48507291078567505
932,0.44073787331581116
933,0.4783942699432373
934,0.511399507522583
935,0.4429936707019806
936,0.46756619215011597
937,0.4916754961013794
938,0.454700231552124
939,0.4736785292625427
940,0.47848770022392273
941,0.4948263168334961
942,0.41491803526878357
943,0.46774327754974365
944,0.537079930305481
945,0.48740071058273315
946,0.49513959884643555
947,0.45088812708854675
948,0.45068225264549255
949,0.47518908977508545
950,0.4568656086921692
951,0.4339260160923004
952,0.5006495714187622
953,0.4774870276451111
954,0.4378799498081207
955,0.48553749918937683
956,0.4597654938697815
957,0.47124290466308594
958,0.41938674449920654
959,0.46141350269317627
960,0.4691327214241028
961,0.483548641204834
962,0.4807974100112915
963,0.38973304629325867
964,0.5065352320671082
965,0.45726245641708374
966,0.44855964183807373
967,0.40618327260017395
968,0.46022993326187134
969,0.4785325825214386
970,0.4072253108024597
971,0.4564732313156128
972,0.4427567720413208
973,0.4138212203979492
974,0.44354966282844543
975,0.4523271322250366
976,0.4761497974395752
977,0.4288579225540161
978,0.4209131896495819
979,0.4334452152252197
980,0.4792247414588928
981,0.4802938401699066
982,0.44671839475631714
983,0.5075075626373291
984,0.4264635741710663
985,0.43978649377822876
986,0.46477174758911133
987,0.42887818813323975
988,0.4675130844116211
989,0.46182453632354736
990,0.4449338912963867
991,0.3786482512950897
992,0.41606277227401733
993,0.4408262372016907
994,0.4525358974933624
995,0.49362295866012573
996,0.4576701521873474
997,0.4944682717323303
998,0.43439042568206787
999,0.3979741930961609
1000,0.5026484727859497
1001,0.4634051024913788
1002,0.48093900084495544
1003,0.4030531048774719
1004,0.4681139886379242
1005,0.47411319613456726
1006,0.48642870783805847
1007,0.4325528144836426
1008,0.3983827829360962
1009,0.47153154015541077
1010,0.3888963460922241
1011,0.4526071846485138
1012,0.45291388034820557
1013,0.46654775738716125
1014,0.43604230880737305
1015,0.46966350078582764
1016,0.48307928442955017
1017,0.4543973207473755
1018,0.4340328574180603
1019,0.48398149013519287
1020,0.44658222794532776
1021,0.47049590945243835
1022,0.4819236397743225
1023,0.45242801308631897
1024,0.45826613903045654
1025,0.49773886799812317
1026,0.4591537117958069
1027,0.4419825077056885
1028,0.5018300414085388
1029,0.45911914110183716
1030,0.43197089433670044
1031,0.478720486164093
1032,0.4342454671859741
1033,0.4654204249382019
1034,0.4654393792152405
1035,0.4719078838825226
1036,0.45257580280303955
1037,0.4530843496322632
1038,0.4811359941959381
1039,0.46621036529541016
1040,0.46038323640823364
1041,0.4719962775707245
1042,0.4729683995246887
1043,0.4492332637310028
1044,0.458424836397171
1045,0.43494850397109985
1046,0.42828479409217834
1047,0.4633547067642212
1048,0.4708048105239868
1049,0.43261632323265076
1050,0.4294266402721405
1051,0.4052860736846924
1052,0.39735519886016846
1053,0.5072387456893921
1054,0.45375487208366394
1055,0.4596560001373291
1056,0.42986634373664856
1057,0.4128422737121582
1058,0.45395317673683167
1059,0.5160948634147644
1060,0.47667554020881653
1061,0.45475292205810547
1062,0.41754186153411865
1063,0.4700643718242645
1064,0.4334414005279541
1065,0.38946494460105896
1066,0.41369330883026123
1067,0.43043839931488037
1068,0.4579402506351471
1069,0.4482649564743042
1070,0.4893913269042969
1071,0.4371996521949768
1072,0.42036011815071106
1073,0.4745233654975891
1074,0.47283560037612915
1075,0.49080169200897217
1076,0.47596898674964905
1077,0.48387256264686584
1078,0.4771122932434082
1079,0.4298255443572998
1080,0.4421166479587555
1081,0.4153878092765808
1082,0.44533878564834595
1083,0.40303337574005127
1084,0.4251215159893036
1085,0.4851757287979126
1086,0.4987788200378418
1087,0.480307936668396
1088,0.45437100529670715
1089,0.4410722255706787
1090,0.4533076286315918
1091,0.45487186312675476
1092,0.45887869596481323
1093,0.37688058614730835
1094,0.43703824281692505
1095,0.4915451407432556
1096,0.4570358991622925
1097,0.4504361152648926
1098,0.455750048160553
1099,0.49258923530578613
1100,0.4592171609401703
1101,0.445724219083786
1102,0.4369276762008667
1103,0.4284059405326843
1104,0.4184066653251648
1105,0.4556838274002075
1106,0.4430408179759979
1107,0.43765130639076233
1108,0.41910091042518616
1109,0.4634471833705902
1110,0.4515923857688904
1111,0.453127384185791
1112,0.4447052478790283
1113,0.40630897879600525
1114,0.4108409285545349
1115,0.4386567771434784
1116,0.5154001712799072
1117,0.5116792321205139
1118,0.41657617688179016
1119,0.40956050157546997
1120,0.4338545799255371
1121,0.4370088279247284
1122,0.4297459125518799
1123,0.4505518674850464
1124,0.4431004524230957
1125,0.4131631851196289
1126,0.4473293423652649
1127,0.38251253962516785
1128,0.44606196880340576
1129,0.41552671790122986
1130,0.4192202091217041
1131,0.37492311000823975
1132,0.4360155463218689
1133,0.445515513420105
1134,0.4703591465950012
1135,0.471261203289032
1136,0.42982733249664307
1137,0.44741567969322205
1138,0.37809887528419495
1139,0.4370065927505493
1140,0.43545931577682495
1141,0.4202311933040619
1142,0.3739981949329376
1143,0.4736569821834564
1144,0.37275999784469604
1145,0.4064309895038605
1146,0.4390886425971985
1147,0.4069175720214844
1148,0.4216933846473694
1149,0.41435086727142334
1150,0.41215723752975464
1151,0.4795897901058197
1152,0.4359336197376251
1153,0.4489023685455322
1154,0.41455191373825073
1155,0.40289705991744995
1156,0.4520707130432129
1157,0.4632343053817749
1158,0.3741147518157959
1159,0.34398671984672546
1160,0.43642330169677734
1161,0.42391693592071533
1162,0.45153313875198364
1163,0.3844490647315979
1164,0.4120011329650879
1165,0.4260154068470001
1166,0.4373309910297394
1167,0.42367708683013916
1168,0.38332852721214294
1169,0.40101999044418335
1170,0.4233967363834381
1171,0.3680875897407532
1172,0.4573165774345398
1173,0.4474855065345764
1174,0.4382631182670593
1175,0.4220021367073059
1176,0.4294261634349823
1177,0.43627941608428955
1178,0.38338959217071533
1179,0.3764728307723999
1180,0.41342318058013916
1181,0.42166224122047424
1182,0.43454790115356445
1183,0.4416225552558899
1184,0.3929671049118042
1185,0.5089312195777893
1186,0.45225998759269714
1187,0.465819388628006
1188,0.4647373557090759
1189,0.3803715407848358
1190,0.39580702781677246
1191,0.4213312268257141
1192,0.4089994430541992
1193,0.4393709897994995
1194,0.41685909032821655
1195,0.4063014090061188
1196,0.41332948207855225
1197,0.38303160667419434
1198,0.4683292806148529
1199,0.3887065351009369
1200,0.394062876701355
1201,0.43527883291244507
1202,0.4163834750652313
1203,0.43927040696144104
1204,0.4524250626564026
1205,0.3596509099006653
1206,0.46419399976730347
1207,0.4538100063800812
1208,0.39296624064445496
1209,0.41889357566833496
1210,0.4154018759727478
1211,0.4327942132949829
1212,0.44029730558395386
1213,0.41377729177474976
1214,0.47572433948516846
1215,0.44288498163223267
1216,0.449228972196579
1217,0.3986450135707855
1218,0.39656323194503784
1219,0.44319987297058105
1220,0.390628457069397
1221,0.46134036779403687
1222,0.4255804419517517
1223,0.45086023211479187
1224,0.4113684892654419
1225,0.44108936190605164
1226,0.47733074426651
1227,0.3922376334667206
1228,0.44992780685424805
1229,0.4404181241989136
1230,0.4684053063392639
1231,0.46675077080726624
1232,0.4082081913948059
1233,0.4436189532279968
1234,0.41910430788993835
1235,0.4017035961151123
1236,0.4558287262916565
1237,0.47699251770973206
1238,0.43259692192077637
1239,0.4253352880477905
1240,0.42494145035743713
1241,0.3883335590362549
1242,0.4289765954017639
1243,0.4713619649410248
1244,0.4102373719215393
1245,0.4377826452255249
1246,0.4299258589744568
1247,0.3976608216762543
1248,0.42535996437072754
1249,0.3719097971916199
1250,0.41278424859046936
1251,0.42977091670036316
1252,0.3921639323234558
1253,0.43353205919265747
1254,0.3929480314254761
1255,0.4061076045036316
1256,0.43368664383888245
1257,0.44078636169433594
1258,0.48531392216682434
1259,0.48605966567993164
1260,0.47944092750549316
1261,0.44368693232536316
1262,0.4622367322444916
1263,0.4563769996166229
1264,0.4658988416194916
1265,0.42107921838760376
1266,0.4734753966331482
1267,0.4379863142967224
1268,0.41910356283187866
1269,0.40206098556518555
1270,0.4270232617855072
1271,0.4013133645057678
1272,0.41744720935821533
1273,0.4627315402030945
1274,0.4469963312149048
1275,0.4205324649810791
1276,0.45897844433784485
1277,0.4248160719871521
1278,0.44689369201660156
1279,0.4230702817440033
1280,0.4187636971473694
1281,0.4068317413330078
1282,0.4513510465621948
1283,0.40693199634552
1284,0.4238069951534271
1285,0.40115514397621155
1286,0.40674442052841187
1287,0.43526017665863037
1288,0.40732333064079285
1289,0.34412455558776855
1290,0.38032081723213196
1291,0.3940432071685791
1292,0.3709275722503662
1293,0.41195568442344666
1294,0.3483210504055023
1295,0.36384448409080505
1296,0.4048234820365906
1297,0.41178104281425476
1298,0.3853704631328583
1299,0.4510294795036316
1300,0.3845067620277405
1301,0.40697750449180603
1302,0.4020366668701172
1303,0.3548271656036377
1304,0.36559441685676575
1305,0.44634172320365906
1306,0.43040093779563904
1307,0.3985326886177063
1308,0.43450915813446045
1309,0.4052998423576355
1310,0.3903229236602783
1311,0.38672375679016113
1312,0.389228880405426
1313,0.3646746277809143
1314,0.3620678186416626
1315,0.3790428638458252
1316,0.41767096519470215
1317,0.4238879084587097
1318,0.4135112166404724
1319,0.38915330171585083
1320,0.380918025970459
1321,0.4119117259979248
1322,0.4004489481449127
1323,0.4110981822013855
1324,0.3926204442977905
1325,0.38844364881515503
1326,0.3456721305847168
1327,0.404289573431015
1328,0.348212867975235
1329,0.36077725887298584
1330,0.37600812315940857
1331,0.3788611888885498
1332,0.417597234249115
1333,0.3929133713245392
1334,0.4146663546562195
1335,0.3457932472229004
1336,0.36546701192855835
1337,0.39627256989479065
1338,0.4620300829410553
1339,0.36809730529785156
1340,0.40919798612594604
1341,0.39438894391059875
1342,0.3643481433391571
1343,0.4420415461063385
1344,0.3811187148094177
1345,0.45401662588119507
1346,0.4117484986782074
1347,0.3945527672767639
1348,0.34747985005378723
1349,0.4273053705692291
1350,0.41366007924079895
1351,0.39111435413360596
1352,0.400948166847229
1353,0.4439280033111572
1354,0.5425623655319214
1355,0.37654274702072144
1356,0.36889874935150146
1357,0.35524922609329224
1358,0.35105618834495544
1359,0.35877054929733276
1360,0.41527557373046875
1361,0.3625410795211792
1362,0.4072495400905609
1363,0.38625961542129517
1364,0.3658483624458313
1365,0.41895943880081177
1366,0.37192288041114807
1367,0.42468464374542236
1368,0.36929160356521606
1369,0.36747312545776367
1370,0.4299179017543793
1371,0.3744562864303589
1372,0.3990531861782074
1373,0.3640344440937042
1374,0.3191467523574829
1375,0.352691650390625
1376,0.41273215413093567
1377,0.3749660551548004
1378,0.36604395508766174
1379,0.3503795862197876
1380,0.3774769902229309
1381,0.36020976305007935
1382,0.4782245457172394
1383,0.4500802159309387
1384,0.43338388204574585
1385,0.3549896478652954
1386,0.385775625705719
1387,0.4120945334434509
1388,0.37830066680908203
1389,0.3636854887008667
1390,0.45581597089767456
1391,0.42717596888542175
1392,0.45406466722488403
1393,0.3802698254585266
1394,0.41767987608909607
1395,0.4229068160057068
1396,0.3841184377670288
1397,0.36231735348701477
1398,0.40716731548309326
1399,0.4441303610801697
1400,0.47910434007644653
1401,0.3726024031639099
1402,0.33823633193969727
1403,0.37568598985671997
1404,0.403545618057251
1405,0.39878541231155396
1406,0.3664129972457886
1407,0.374836266040802
1408,0.391579270362854
1409,0.3627427816390991
1410,0.43596339225769043
1411,0.4031224250793457
1412,0.3563361167907715
1413,0.41955792903900146
1414,0.39083611965179443
1415,0.39722710847854614
1416,0.3558177351951599
1417,0.3988405466079712
1418,0.4343000650405884
1419,0.37502866983413696
1420,0.4628814458847046
1421,0.44988706707954407
1422,0.36975759267807007
1423,0.36054685711860657
1424,0.38951733708381653
1425,0.4458359479904175
1426,0.5146595239639282
1427,0.4925873279571533
1428,0.44311535358428955
1429,0.4350225329399109
1430,0.41207319498062134
1431,0.40445229411125183
1432,0.3683546781539917
1433,0.43193769454956055
1434,0.3863241374492645
1435,0.4028709828853607
1436,0.4149480164051056
1437,0.4069022834300995
1438,0.39224934577941895
1439,0.3667314052581787
1440,0.31914347410202026
1441,0.4364689588546753
1442,0.4071648418903351
1443,0.44859838485717773
1444,0.4377356171607971
1445,0.41015154123306274
1446,0.41457340121269226
1447,0.3733721375465393
1448,0.3750355541706085
1449,0.36608073115348816
1450,0.3886992335319519
1451,0.34739798307418823
1452,0.33809715509414673
1453,0.4405214786529541
1454,0.37232428789138794
1455,0.35361331701278687
1456,0.3439844846725464
1457,0.31098228693008423
1458,0.3740759789943695
1459,0.3058057129383087
1460,0.305973619222641
1461,0.31771010160446167
1462,0.35131511092185974
1463,0.34772664308547974
1464,0.39015519618988037
1465,0.3748741149902344
1466,0.3844965994358063
1467,0.43293246626853943
1468,0.3631571829319
1469,0.31427353620529175
1470,0.35203272104263306
1471,0.35786837339401245
1472,0.3510424494743347
1473,0.38005274534225464
1474,0.30974167585372925
1475,0.25906115770339966
1476,0.33763229846954346
1477,0.33518925309181213
1478,0.32100027799606323
1479,0.37662026286125183
1480,0.4122908115386963
1481,0.38757893443107605
1482,0.32877981662750244
1483,0.369422972202301
1484,0.34432345628738403
1485,0.2814008593559265
1486,0.35440871119499207
1487,0.32331323623657227
1488,0.37198302149772644
1489,0.4061368703842163
1490,0.3984484076499939
1491,0.3425614833831787
1492,0.32197272777557373
1493,0.382996529340744
1494,0.37828192114830017
1495,0.3861798644065857
1496,0.356836199760437
1497,0.32920148968696594
1498,0.38408467173576355
1499,0.3806895613670349
1500,0.40571150183677673
1501,0.3536182940006256
1502,0.40100201964378357
1503,0.41079872846603394
1504,0.3508649468421936
1505,0.3393981456756592
1506,0.3661453127861023
1507,0.41365939378738403
1508,0.43576323986053467
1509,0.41988134384155273
1510,0.34965118765830994
1511,0.32605820894241333
1512,0.3096962571144104
1513,0.32534247636795044
1514,0.33666443824768066
1515,0.3409591317176819
1516,0.357033908367157
1517,0.3860395550727844
1518,0.390724778175354
1519,0.4171832799911499
1520,0.4181385338306427
1521,0.33522123098373413
1522,0.32194507122039795
1523,0.33889925479888916
1524,0.3463623821735382
1525,0.38156723976135254
1526,0.37252703309059143
1527,0.3159024715423584
1528,0.3785841464996338
1529,0.3727094531059265
1530,0.34705543518066406
1531,0.3331800103187561
1532,0.37738609313964844
1533,0.3358037769794464
1534,0.35712558031082153
1535,0.37537604570388794
1536,0.31375831365585327
1537,0.34633395075798035
1538,0.34569650888442993
1539,0.41153401136398315
1540,0.4620153605937958
1541,0.3295169472694397
1542,0.37524092197418213
1543,0.3686799705028534
1544,0.3492363691329956
1545,0.3481388986110687
1546,0.36295726895332336
1547,0.3394404947757721
1548,0.36889731884002686
1549,0.33788055181503296
1550,0.35090386867523193
1551,0.4187568426132202
1552,0.36660170555114746
1553,0.37796348333358765
1554,0.3155892789363861
1555,0.34763944149017334
1556,0.30906248092651367
1557,0.34838733077049255
1558,0.32155823707580566
1559,0.3529459238052368
1560,0.3800559341907501
1561,0.3029043674468994
1562,0.345272034406662
1563,0.31102314591407776
1564,0.31219834089279175
1565,0.33672547340393066
1566,0.4649958610534668
1567,0.44873738288879395
1568,0.351187527179718
1569,0.31720978021621704
1570,0.3775392174720764
1571,0.381449818611145
1572,0.4303109049797058
1573,0.3941604495048523
1574,0.3915500044822693
1575,0.33557289838790894
1576,0.34015071392059326
1577,0.3115919530391693
1578,0.3712400197982788
1579,0.3501182794570923
1580,0.3308265209197998
1581,0.41439783573150635
1582,0.36631065607070923
1583,0.3310602605342865
1584,0.4097950756549835
1585,0.4256024658679962
1586,0.47061747312545776
1587,0.48483678698539734
1588,0.3725318908691406
1589,0.36045730113983154
1590,0.3543451428413391
1591,0.3761616349220276
1592,0.3604370653629303
1593,0.3466190993785858
1594,0.3807413578033447
1595,0.30407994985580444
1596,0.3426111936569214
1597,0.3748830556869507
1598,0.31855589151382446
1599,0.28849416971206665
1600,0.37285932898521423
1601,0.419344425201416
1602,0.3497470021247864
1603,0.42731940746307373
1604,0.4055550992488861
1605,0.3515473008155823
1606,0.3554273247718811
1607,0.3712209463119507
1608,0.3819012939929962
1609,0.39836567640304565
